{
    "ambientocclusion": false,
    "elements": [
        {
            "from": [
                6.0,
                0.4,
                6.0
            ],
            "to": [
                10.0,
                0.4,
                10.0
            ],
            "shade": false,
            "faces": {
                "up": {
                    "uv": [
                        0,
                        0,
                        16,
                        16
                    ],
                    "texture": "#power"
                }
            }
        }
    ]
}