{
    "ambientocclusion": false,
    "textures": {
        "particle": "block/sugar_cane",
        "reeds": "block/sugar_cane",
        "cactus": "block/cactus_bottom"
    },
    "elements": [
        {
            "name": "s1",
            "from": [
                2.0,
                -3.0,
                2.0
            ],
            "to": [
                4.0,
                13.0,
                4.0
            ],
            "shade": false,
            "faces": {
                "north": {
                    "texture": "#reeds",
                    "tintindex": 0,
                    "uv": [
                        1.0,
                        0.0,
                        3.0,
                        16.0
                    ]
                },
                "east": {
                    "texture": "#reeds",
                    "tintindex": 0,
                    "uv": [
                        1.0,
                        0.0,
                        3.0,
                        16.0
                    ]
                },
                "south": {
                    "texture": "#reeds",
                    "tintindex": 0,
                    "uv": [
                        1.0,
                        0.0,
                        3.0,
                        16.0
                    ]
                },
                "west": {
                    "texture": "#reeds",
                    "tintindex": 0,
                    "uv": [
                        1.0,
                        0.0,
                        3.0,
                        16.0
                    ]
                },
                "up": {
                    "texture": "#cactus",
                    "uv": [
                        2.0,
                        2.0,
                        14.0,
                        14.0
                    ]
                }
            }
        },
        {
            "name": "s2",
            "from": [
                12.0,
                0.0,
                1.0
            ],
            "to": [
                14.0,
                16.0,
                3.0
            ],
            "shade": false,
            "faces": {
                "north": {
                    "texture": "#reeds",
                    "tintindex": 0,
                    "uv": [
                        5.0,
                        0.0,
                        7.0,
                        16.0
                    ]
                },
                "east": {
                    "texture": "#reeds",
                    "tintindex": 0,
                    "uv": [
                        5.0,
                        0.0,
                        7.0,
                        16.0
                    ]
                },
                "south": {
                    "texture": "#reeds",
                    "tintindex": 0,
                    "uv": [
                        5.0,
                        0.0,
                        7.0,
                        16.0
                    ]
                },
                "west": {
                    "texture": "#reeds",
                    "tintindex": 0,
                    "uv": [
                        5.0,
                        0.0,
                        7.0,
                        16.0
                    ]
                },
                "up": {
                    "texture": "#cactus",
                    "uv": [
                        2.0,
                        2.0,
                        14.0,
                        14.0
                    ],
                    "cullface": "up"
                }
            }
        },
        {
            "name": "s3",
            "from": [
                6.0,
                -5.0,
                7.0
            ],
            "to": [
                8.0,
                11.0,
                9.0
            ],
            "shade": false,
            "faces": {
                "north": {
                    "texture": "#reeds",
                    "tintindex": 0,
                    "uv": [
                        9.0,
                        0.0,
                        11.0,
                        16.0
                    ]
                },
                "east": {
                    "texture": "#reeds",
                    "tintindex": 0,
                    "uv": [
                        9.0,
                        0.0,
                        11.0,
                        16.0
                    ]
                },
                "south": {
                    "texture": "#reeds",
                    "tintindex": 0,
                    "uv": [
                        9.0,
                        0.0,
                        11.0,
                        16.0
                    ]
                },
                "west": {
                    "texture": "#reeds",
                    "tintindex": 0,
                    "uv": [
                        9.0,
                        0.0,
                        11.0,
                        16.0
                    ]
                },
                "up": {
                    "texture": "#cactus",
                    "uv": [
                        2.0,
                        2.0,
                        14.0,
                        14.0
                    ]
                }
            }
        },
        {
            "name": "s4",
            "from": [
                13.0,
                -2.0,
                7.0
            ],
            "to": [
                15.0,
                14.0,
                9.0
            ],
            "shade": false,
            "faces": {
                "north": {
                    "texture": "#reeds",
                    "tintindex": 0,
                    "uv": [
                        13.0,
                        0.0,
                        15.0,
                        16.0
                    ]
                },
                "east": {
                    "texture": "#reeds",
                    "tintindex": 0,
                    "uv": [
                        13.0,
                        0.0,
                        15.0,
                        16.0
                    ]
                },
                "south": {
                    "texture": "#reeds",
                    "tintindex": 0,
                    "uv": [
                        13.0,
                        0.0,
                        15.0,
                        16.0
                    ]
                },
                "west": {
                    "texture": "#reeds",
                    "tintindex": 0,
                    "uv": [
                        13.0,
                        0.0,
                        15.0,
                        16.0
                    ]
                },
                "up": {
                    "texture": "#cactus",
                    "uv": [
                        2.0,
                        2.0,
                        14.0,
                        14.0
                    ]
                }
            }
        },
        {
            "name": "s5",
            "from": [
                10.0,
                -1.0,
                12.0
            ],
            "to": [
                12.0,
                15.0,
                14.0
            ],
            "shade": false,
            "faces": {
                "north": {
                    "texture": "#reeds",
                    "tintindex": 0,
                    "uv": [
                        1.0,
                        0.0,
                        3.0,
                        16.0
                    ]
                },
                "east": {
                    "texture": "#reeds",
                    "tintindex": 0,
                    "uv": [
                        1.0,
                        0.0,
                        3.0,
                        16.0
                    ]
                },
                "south": {
                    "texture": "#reeds",
                    "tintindex": 0,
                    "uv": [
                        1.0,
                        0.0,
                        3.0,
                        16.0
                    ]
                },
                "west": {
                    "texture": "#reeds",
                    "tintindex": 0,
                    "uv": [
                        1.0,
                        0.0,
                        3.0,
                        16.0
                    ]
                },
                "up": {
                    "texture": "#cactus",
                    "uv": [
                        2.0,
                        2.0,
                        14.0,
                        14.0
                    ],
                    "cullface": "up"
                }
            }
        },
        {
            "name": "s6",
            "from": [
                3.0,
                0.0,
                13.0
            ],
            "to": [
                5.0,
                16.0,
                15.0
            ],
            "shade": false,
            "faces": {
                "north": {
                    "texture": "#reeds",
                    "tintindex": 0,
                    "uv": [
                        5.0,
                        0.0,
                        7.0,
                        16.0
                    ]
                },
                "east": {
                    "texture": "#reeds",
                    "tintindex": 0,
                    "uv": [
                        5.0,
                        0.0,
                        7.0,
                        16.0
                    ]
                },
                "south": {
                    "texture": "#reeds",
                    "tintindex": 0,
                    "uv": [
                        5.0,
                        0.0,
                        7.0,
                        16.0
                    ]
                },
                "west": {
                    "texture": "#reeds",
                    "tintindex": 0,
                    "uv": [
                        5.0,
                        0.0,
                        7.0,
                        16.0
                    ]
                },
                "up": {
                    "texture": "#cactus",
                    "uv": [
                        2.0,
                        2.0,
                        14.0,
                        14.0
                    ]
                }
            }
        },
        {
            "name": "1-1",
            "from": [
                1.0,
                3.0,
                2.0
            ],
            "to": [
                2.0,
                5.0,
                3.0
            ],
            "shade": false,
            "faces": {
                "north": {
                    "texture": "#reeds",
                    "tintindex": 0,
                    "uv": [
                        0.0,
                        8.0,
                        1.0,
                        10.0
                    ]
                },
                "south": {
                    "texture": "#reeds",
                    "tintindex": 0,
                    "uv": [
                        0.0,
                        8.0,
                        1.0,
                        10.0
                    ]
                },
                "west": {
                    "texture": "#reeds",
                    "tintindex": 0,
                    "uv": [
                        0.0,
                        8.0,
                        1.0,
                        10.0
                    ]
                },
                "up": {
                    "texture": "#reeds",
                    "tintindex": 0,
                    "uv": [
                        0.0,
                        8.0,
                        1.0,
                        9.0
                    ]
                },
                "down": {
                    "texture": "#reeds",
                    "tintindex": 0,
                    "uv": [
                        0.0,
                        9.0,
                        1.0,
                        10.0
                    ]
                }
            }
        },
        {
            "name": "2-1",
            "from": [
                11.0,
                6.0,
                2.0
            ],
            "to": [
                12.0,
                8.0,
                3.0
            ],
            "shade": false,
            "faces": {
                "north": {
                    "texture": "#reeds",
                    "tintindex": 0,
                    "uv": [
                        0.0,
                        8.0,
                        1.0,
                        10.0
                    ]
                },
                "south": {
                    "texture": "#reeds",
                    "tintindex": 0,
                    "uv": [
                        0.0,
                        8.0,
                        1.0,
                        10.0
                    ]
                },
                "west": {
                    "texture": "#reeds",
                    "tintindex": 0,
                    "uv": [
                        0.0,
                        8.0,
                        1.0,
                        10.0
                    ]
                },
                "up": {
                    "texture": "#reeds",
                    "tintindex": 0,
                    "uv": [
                        0.0,
                        8.0,
                        1.0,
                        9.0
                    ]
                },
                "down": {
                    "texture": "#reeds",
                    "tintindex": 0,
                    "uv": [
                        0.0,
                        9.0,
                        1.0,
                        10.0
                    ]
                }
            }
        },
        {
            "name": "6-1",
            "from": [
                9.0,
                10.0,
                12.0
            ],
            "to": [
                10.0,
                12.0,
                13.0
            ],
            "shade": false,
            "faces": {
                "north": {
                    "texture": "#reeds",
                    "tintindex": 0,
                    "uv": [
                        0.0,
                        8.0,
                        1.0,
                        10.0
                    ]
                },
                "south": {
                    "texture": "#reeds",
                    "tintindex": 0,
                    "uv": [
                        0.0,
                        8.0,
                        1.0,
                        10.0
                    ]
                },
                "west": {
                    "texture": "#reeds",
                    "tintindex": 0,
                    "uv": [
                        0.0,
                        8.0,
                        1.0,
                        10.0
                    ]
                },
                "up": {
                    "texture": "#reeds",
                    "tintindex": 0,
                    "uv": [
                        0.0,
                        8.0,
                        1.0,
                        9.0
                    ]
                },
                "down": {
                    "texture": "#reeds",
                    "tintindex": 0,
                    "uv": [
                        0.0,
                        9.0,
                        1.0,
                        10.0
                    ]
                }
            }
        },
        {
            "name": "2-2",
            "from": [
                14.0,
                12.0,
                1.0
            ],
            "to": [
                15.0,
                14.0,
                2.0
            ],
            "shade": false,
            "faces": {
                "north": {
                    "texture": "#reeds",
                    "tintindex": 0,
                    "uv": [
                        0.0,
                        8.0,
                        1.0,
                        10.0
                    ]
                },
                "east": {
                    "texture": "#reeds",
                    "tintindex": 0,
                    "uv": [
                        0.0,
                        8.0,
                        1.0,
                        10.0
                    ]
                },
                "south": {
                    "texture": "#reeds",
                    "tintindex": 0,
                    "uv": [
                        0.0,
                        8.0,
                        1.0,
                        10.0
                    ]
                },
                "up": {
                    "texture": "#reeds",
                    "tintindex": 0,
                    "uv": [
                        0.0,
                        8.0,
                        1.0,
                        9.0
                    ]
                },
                "down": {
                    "texture": "#reeds",
                    "tintindex": 0,
                    "uv": [
                        0.0,
                        9.0,
                        1.0,
                        10.0
                    ]
                }
            }
        },
        {
            "name": "3-1",
            "from": [
                8.0,
                6.0,
                8.0
            ],
            "to": [
                9.0,
                8.0,
                9.0
            ],
            "shade": false,
            "faces": {
                "north": {
                    "texture": "#reeds",
                    "tintindex": 0,
                    "uv": [
                        0.0,
                        8.0,
                        1.0,
                        10.0
                    ]
                },
                "east": {
                    "texture": "#reeds",
                    "tintindex": 0,
                    "uv": [
                        0.0,
                        8.0,
                        1.0,
                        10.0
                    ]
                },
                "south": {
                    "texture": "#reeds",
                    "tintindex": 0,
                    "uv": [
                        0.0,
                        8.0,
                        1.0,
                        10.0
                    ]
                },
                "up": {
                    "texture": "#reeds",
                    "tintindex": 0,
                    "uv": [
                        0.0,
                        8.0,
                        1.0,
                        9.0
                    ]
                },
                "down": {
                    "texture": "#reeds",
                    "tintindex": 0,
                    "uv": [
                        0.0,
                        9.0,
                        1.0,
                        10.0
                    ]
                }
            }
        },
        {
            "name": "1-2",
            "from": [
                3.0,
                7.0,
                1.0
            ],
            "to": [
                4.0,
                9.0,
                2.0
            ],
            "shade": false,
            "faces": {
                "north": {
                    "texture": "#reeds",
                    "tintindex": 0,
                    "uv": [
                        0.0,
                        8.0,
                        1.0,
                        10.0
                    ]
                },
                "east": {
                    "texture": "#reeds",
                    "tintindex": 0,
                    "uv": [
                        0.0,
                        8.0,
                        1.0,
                        10.0
                    ]
                },
                "west": {
                    "texture": "#reeds",
                    "tintindex": 0,
                    "uv": [
                        0.0,
                        8.0,
                        1.0,
                        10.0
                    ]
                },
                "up": {
                    "texture": "#reeds",
                    "tintindex": 0,
                    "uv": [
                        0.0,
                        8.0,
                        1.0,
                        9.0
                    ]
                },
                "down": {
                    "texture": "#reeds",
                    "tintindex": 0,
                    "uv": [
                        0.0,
                        9.0,
                        1.0,
                        10.0
                    ]
                }
            }
        },
        {
            "name": "5-1",
            "from": [
                3.0,
                8.0,
                15.0
            ],
            "to": [
                4.0,
                10.0,
                16.0
            ],
            "shade": false,
            "faces": {
                "east": {
                    "texture": "#reeds",
                    "tintindex": 0,
                    "uv": [
                        0.0,
                        8.0,
                        1.0,
                        10.0
                    ]
                },
                "south": {
                    "texture": "#reeds",
                    "tintindex": 0,
                    "uv": [
                        0.0,
                        8.0,
                        1.0,
                        10.0
                    ]
                },
                "west": {
                    "texture": "#reeds",
                    "tintindex": 0,
                    "uv": [
                        0.0,
                        8.0,
                        1.0,
                        10.0
                    ]
                },
                "up": {
                    "texture": "#reeds",
                    "tintindex": 0,
                    "uv": [
                        0.0,
                        8.0,
                        1.0,
                        9.0
                    ]
                },
                "down": {
                    "texture": "#reeds",
                    "tintindex": 0,
                    "uv": [
                        0.0,
                        9.0,
                        1.0,
                        10.0
                    ]
                }
            }
        },
        {
            "name": "5-2",
            "from": [
                5.0,
                2.0,
                13.0
            ],
            "to": [
                6.0,
                4.0,
                14.0
            ],
            "shade": false,
            "faces": {
                "north": {
                    "texture": "#reeds",
                    "tintindex": 0,
                    "uv": [
                        0.0,
                        8.0,
                        1.0,
                        10.0
                    ]
                },
                "east": {
                    "texture": "#reeds",
                    "tintindex": 0,
                    "uv": [
                        0.0,
                        8.0,
                        1.0,
                        10.0
                    ]
                },
                "south": {
                    "texture": "#reeds",
                    "tintindex": 0,
                    "uv": [
                        0.0,
                        8.0,
                        1.0,
                        10.0
                    ]
                },
                "up": {
                    "texture": "#reeds",
                    "tintindex": 0,
                    "uv": [
                        0.0,
                        8.0,
                        1.0,
                        9.0
                    ]
                },
                "down": {
                    "texture": "#reeds",
                    "tintindex": 0,
                    "uv": [
                        0.0,
                        9.0,
                        1.0,
                        10.0
                    ]
                }
            }
        },
        {
            "name": "3-2",
            "from": [
                5.0,
                1.0,
                7.0
            ],
            "to": [
                6.0,
                3.0,
                8.0
            ],
            "shade": false,
            "faces": {
                "north": {
                    "texture": "#reeds",
                    "tintindex": 0,
                    "uv": [
                        0.0,
                        8.0,
                        1.0,
                        10.0
                    ]
                },
                "south": {
                    "texture": "#reeds",
                    "tintindex": 0,
                    "uv": [
                        0.0,
                        8.0,
                        1.0,
                        10.0
                    ]
                },
                "west": {
                    "texture": "#reeds",
                    "tintindex": 0,
                    "uv": [
                        0.0,
                        8.0,
                        1.0,
                        10.0
                    ]
                },
                "up": {
                    "texture": "#reeds",
                    "tintindex": 0,
                    "uv": [
                        0.0,
                        8.0,
                        1.0,
                        9.0
                    ]
                },
                "down": {
                    "texture": "#reeds",
                    "tintindex": 0,
                    "uv": [
                        0.0,
                        9.0,
                        1.0,
                        10.0
                    ]
                }
            }
        },
        {
            "name": "6-2",
            "from": [
                11.0,
                3.0,
                11.0
            ],
            "to": [
                12.0,
                5.0,
                12.0
            ],
            "shade": false,
            "faces": {
                "north": {
                    "texture": "#reeds",
                    "tintindex": 0,
                    "uv": [
                        0.0,
                        8.0,
                        1.0,
                        10.0
                    ]
                },
                "east": {
                    "texture": "#reeds",
                    "tintindex": 0,
                    "uv": [
                        0.0,
                        8.0,
                        1.0,
                        10.0
                    ]
                },
                "west": {
                    "texture": "#reeds",
                    "tintindex": 0,
                    "uv": [
                        0.0,
                        8.0,
                        1.0,
                        10.0
                    ]
                },
                "up": {
                    "texture": "#reeds",
                    "tintindex": 0,
                    "uv": [
                        0.0,
                        8.0,
                        1.0,
                        9.0
                    ]
                },
                "down": {
                    "texture": "#reeds",
                    "tintindex": 0,
                    "uv": [
                        0.0,
                        9.0,
                        1.0,
                        10.0
                    ]
                }
            }
        },
        {
            "name": "4-2",
            "from": [
                14.0,
                1.0,
                6.0
            ],
            "to": [
                15.0,
                3.0,
                7.0
            ],
            "shade": false,
            "faces": {
                "north": {
                    "texture": "#reeds",
                    "tintindex": 0,
                    "uv": [
                        0.0,
                        8.0,
                        1.0,
                        10.0
                    ]
                },
                "east": {
                    "texture": "#reeds",
                    "tintindex": 0,
                    "uv": [
                        0.0,
                        8.0,
                        1.0,
                        10.0
                    ]
                },
                "west": {
                    "texture": "#reeds",
                    "tintindex": 0,
                    "uv": [
                        0.0,
                        8.0,
                        1.0,
                        10.0
                    ]
                },
                "up": {
                    "texture": "#reeds",
                    "tintindex": 0,
                    "uv": [
                        0.0,
                        8.0,
                        1.0,
                        9.0
                    ]
                },
                "down": {
                    "texture": "#reeds",
                    "tintindex": 0,
                    "uv": [
                        0.0,
                        9.0,
                        1.0,
                        10.0
                    ]
                }
            }
        },
        {
            "name": "5-3",
            "from": [
                2.0,
                13.0,
                13.0
            ],
            "to": [
                3.0,
                14.0,
                14.0
            ],
            "shade": false,
            "faces": {
                "north": {
                    "texture": "#reeds",
                    "tintindex": 0,
                    "uv": [
                        4.0,
                        10.0,
                        5.0,
                        11.0
                    ]
                },
                "south": {
                    "texture": "#reeds",
                    "tintindex": 0,
                    "uv": [
                        4.0,
                        10.0,
                        5.0,
                        11.0
                    ]
                },
                "west": {
                    "texture": "#reeds",
                    "tintindex": 0,
                    "uv": [
                        4.0,
                        10.0,
                        5.0,
                        11.0
                    ]
                },
                "up": {
                    "texture": "#reeds",
                    "tintindex": 0,
                    "uv": [
                        4.0,
                        10.0,
                        5.0,
                        11.0
                    ]
                },
                "down": {
                    "texture": "#reeds",
                    "tintindex": 0,
                    "uv": [
                        4.0,
                        10.0,
                        5.0,
                        11.0
                    ]
                }
            }
        }
    ]
}