{
    "parent": "item/handheld",
    "textures": {
        "layer0": "item/golden_pickaxe"
    },
    "overrides": [
        {
            "predicate": {
                "damaged": 1,
                "damage": 0.85
            },
            "model": "item/gold_pickaxe/gold_pickaxe_02"
        },
        {
            "predicate": {
                "damaged": 1,
                "damage": 0.9
            },
            "model": "item/gold_pickaxe/gold_pickaxe_03"
        },
        {
            "predicate": {
                "damaged": 1,
                "damage": 0.95
            },
            "model": "item/gold_pickaxe/gold_pickaxe_04"
        }
    ]
}