{
    "parent": "item/handheld",
    "textures": {
        "layer0": "item/iron_shovel"
    },
    "overrides": [
        {
            "predicate": {
                "damaged": 1,
                "damage": 0.85
            },
            "model": "item/iron_shovel/iron_shovel_02"
        },
        {
            "predicate": {
                "damaged": 1,
                "damage": 0.9
            },
            "model": "item/iron_shovel/iron_shovel_03"
        },
        {
            "predicate": {
                "damaged": 1,
                "damage": 0.95
            },
            "model": "item/iron_shovel/iron_shovel_04"
        }
    ]
}