{
    "parent": "item/handheld",
    "textures": {
        "layer0": "item/iron_sword"
    },
    "overrides": [
        {
            "predicate": {
                "damaged": 1,
                "damage": 0.85
            },
            "model": "item/iron_sword/iron_sword_1"
        },
        {
            "predicate": {
                "damaged": 1,
                "damage": 0.9
            },
            "model": "item/iron_sword/iron_sword_2"
        },
        {
            "predicate": {
                "damaged": 1,
                "damage": 0.95
            },
            "model": "item/iron_sword/iron_sword_3"
        }
    ]
}