{
    "parent": "item/handheld",
    "textures": {
        "layer0": "item/stone_axe"
    },
    "overrides": [
        {
            "predicate": {
                "damaged": 1,
                "damage": 0.85
            },
            "model": "item/stone_axe/stone_axe_02"
        },
        {
            "predicate": {
                "damaged": 1,
                "damage": 0.9
            },
            "model": "item/stone_axe/stone_axe_03"
        },
        {
            "predicate": {
                "damaged": 1,
                "damage": 0.95
            },
            "model": "item/stone_axe/stone_axe_04"
        }
    ]
}